text,intent,lang
What is hemoglobin?,cbc_result_parameter,en
What is hemoglobin in a blood report?,cbc_result_parameter,en
What is hemoglobin on a CBC report?,cbc_result_parameter,en
What is hemoglobin in hematology?,cbc_result_parameter,en
What is hemoglobin in a lab result?,cbc_result_parameter,en
What is hemoglobin in this report?,cbc_result_parameter,en
What is hemoglobin in complete blood count?,cbc_result_parameter,en
What is hemoglobin in blood count interpretation?,cbc_result_parameter,en
What is hemoglobin for a hematology assistant?,cbc_result_parameter,en
What is hemoglobin in this hematology report?,cbc_result_parameter,en
What is HGB?,cbc_result_parameter,en
What is HGB in a blood report?,cbc_result_parameter,en
What is HGB on a CBC report?,cbc_result_parameter,en
What is HGB in hematology?,cbc_result_parameter,en
What is HGB in a lab result?,cbc_result_parameter,en
What is HGB in this report?,cbc_result_parameter,en
What is HGB in complete blood count?,cbc_result_parameter,en
What is HGB in blood count interpretation?,cbc_result_parameter,en
What is HGB for a hematology assistant?,cbc_result_parameter,en
What is HGB in this hematology report?,cbc_result_parameter,en
What is hematocrit?,cbc_result_parameter,en
What is hematocrit in a blood report?,cbc_result_parameter,en
What is hematocrit on a CBC report?,cbc_result_parameter,en
What is hematocrit in hematology?,cbc_result_parameter,en
What is hematocrit in a lab result?,cbc_result_parameter,en
What is hematocrit in this report?,cbc_result_parameter,en
What is hematocrit in complete blood count?,cbc_result_parameter,en
What is hematocrit in blood count interpretation?,cbc_result_parameter,en
What is hematocrit for a hematology assistant?,cbc_result_parameter,en
What is hematocrit in this hematology report?,cbc_result_parameter,en
What is HCT?,cbc_result_parameter,en
What is HCT in a blood report?,cbc_result_parameter,en
What is HCT on a CBC report?,cbc_result_parameter,en
What is HCT in hematology?,cbc_result_parameter,en
What is HCT in a lab result?,cbc_result_parameter,en
What is HCT in this report?,cbc_result_parameter,en
What is HCT in complete blood count?,cbc_result_parameter,en
What is HCT in blood count interpretation?,cbc_result_parameter,en
What is HCT for a hematology assistant?,cbc_result_parameter,en
What is HCT in this hematology report?,cbc_result_parameter,en
What is RBC count?,cbc_result_parameter,en
What is RBC count in a blood report?,cbc_result_parameter,en
What is RBC count on a CBC report?,cbc_result_parameter,en
What is RBC count in hematology?,cbc_result_parameter,en
What is RBC count in a lab result?,cbc_result_parameter,en
What is RBC count in this report?,cbc_result_parameter,en
What is RBC count in complete blood count?,cbc_result_parameter,en
What is RBC count in blood count interpretation?,cbc_result_parameter,en
What is RBC count for a hematology assistant?,cbc_result_parameter,en
What is RBC count in this hematology report?,cbc_result_parameter,en
What is MCV?,cbc_result_parameter,en
What is MCV in a blood report?,cbc_result_parameter,en
What is MCV on a CBC report?,cbc_result_parameter,en
What is MCV in hematology?,cbc_result_parameter,en
What is MCV in a lab result?,cbc_result_parameter,en
What is MCV in this report?,cbc_result_parameter,en
What is MCV in complete blood count?,cbc_result_parameter,en
What is MCV in blood count interpretation?,cbc_result_parameter,en
What is MCV for a hematology assistant?,cbc_result_parameter,en
What is MCV in this hematology report?,cbc_result_parameter,en
What is MCH?,cbc_result_parameter,en
What is MCH in a blood report?,cbc_result_parameter,en
What is MCH on a CBC report?,cbc_result_parameter,en
What is MCH in hematology?,cbc_result_parameter,en
What is MCH in a lab result?,cbc_result_parameter,en
What is MCH in this report?,cbc_result_parameter,en
What is MCH in complete blood count?,cbc_result_parameter,en
What is MCH in blood count interpretation?,cbc_result_parameter,en
What is MCH for a hematology assistant?,cbc_result_parameter,en
What is MCH in this hematology report?,cbc_result_parameter,en
What is MCHC?,cbc_result_parameter,en
What is MCHC in a blood report?,cbc_result_parameter,en
What is MCHC on a CBC report?,cbc_result_parameter,en
What is MCHC in hematology?,cbc_result_parameter,en
What is MCHC in a lab result?,cbc_result_parameter,en
What is MCHC in this report?,cbc_result_parameter,en
What is MCHC in complete blood count?,cbc_result_parameter,en
What is MCHC in blood count interpretation?,cbc_result_parameter,en
What is MCHC for a hematology assistant?,cbc_result_parameter,en
What is MCHC in this hematology report?,cbc_result_parameter,en
What is RDW-CV?,cbc_result_parameter,en
What is RDW-CV in a blood report?,cbc_result_parameter,en
What is RDW-CV on a CBC report?,cbc_result_parameter,en
What is RDW-CV in hematology?,cbc_result_parameter,en
What is RDW-CV in a lab result?,cbc_result_parameter,en
What is RDW-CV in this report?,cbc_result_parameter,en
What is RDW-CV in complete blood count?,cbc_result_parameter,en
What is RDW-CV in blood count interpretation?,cbc_result_parameter,en
What is RDW-CV for a hematology assistant?,cbc_result_parameter,en
What is RDW-CV in this hematology report?,cbc_result_parameter,en
What is RDW-SD?,cbc_result_parameter,en
What is RDW-SD in a blood report?,cbc_result_parameter,en
What is RDW-SD on a CBC report?,cbc_result_parameter,en
What is RDW-SD in hematology?,cbc_result_parameter,en
What is RDW-SD in a lab result?,cbc_result_parameter,en
What is RDW-SD in this report?,cbc_result_parameter,en
What is RDW-SD in complete blood count?,cbc_result_parameter,en
What is RDW-SD in blood count interpretation?,cbc_result_parameter,en
What is RDW-SD for a hematology assistant?,cbc_result_parameter,en
What is RDW-SD in this hematology report?,cbc_result_parameter,en
What is neutrophilia?,cbc_flag_explanation,en
What is neutrophilia in a blood report?,cbc_flag_explanation,en
What is neutrophilia on a CBC report?,cbc_flag_explanation,en
What is neutrophilia in hematology?,cbc_flag_explanation,en
What is neutrophilia in a lab result?,cbc_flag_explanation,en
What is neutrophilia in this report?,cbc_flag_explanation,en
What is neutrophilia in complete blood count?,cbc_flag_explanation,en
What is neutrophilia in blood count interpretation?,cbc_flag_explanation,en
What is neutrophilia for a hematology assistant?,cbc_flag_explanation,en
What is neutrophilia in this hematology report?,cbc_flag_explanation,en
What is leucocytosis?,cbc_flag_explanation,en
What is leucocytosis in a blood report?,cbc_flag_explanation,en
What is leucocytosis on a CBC report?,cbc_flag_explanation,en
What is leucocytosis in hematology?,cbc_flag_explanation,en
What is leucocytosis in a lab result?,cbc_flag_explanation,en
What is leucocytosis in this report?,cbc_flag_explanation,en
What is leucocytosis in complete blood count?,cbc_flag_explanation,en
What is leucocytosis in blood count interpretation?,cbc_flag_explanation,en
What is leucocytosis for a hematology assistant?,cbc_flag_explanation,en
What is leucocytosis in this hematology report?,cbc_flag_explanation,en
What is RBC abnormal distribution?,cbc_flag_explanation,en
What is RBC abnormal distribution in a blood report?,cbc_flag_explanation,en
What is RBC abnormal distribution on a CBC report?,cbc_flag_explanation,en
What is RBC abnormal distribution in hematology?,cbc_flag_explanation,en
What is RBC abnormal distribution in a lab result?,cbc_flag_explanation,en
What is RBC abnormal distribution in this report?,cbc_flag_explanation,en
What is RBC abnormal distribution in complete blood count?,cbc_flag_explanation,en
What is RBC abnormal distribution in blood count interpretation?,cbc_flag_explanation,en
What is RBC abnormal distribution for a hematology assistant?,cbc_flag_explanation,en
What is RBC abnormal distribution in this hematology report?,cbc_flag_explanation,en
What is PLT abnormal distribution?,cbc_flag_explanation,en
What is PLT abnormal distribution in a blood report?,cbc_flag_explanation,en
What is PLT abnormal distribution on a CBC report?,cbc_flag_explanation,en
What is PLT abnormal distribution in hematology?,cbc_flag_explanation,en
What is PLT abnormal distribution in a lab result?,cbc_flag_explanation,en
What is PLT abnormal distribution in this report?,cbc_flag_explanation,en
What is PLT abnormal distribution in complete blood count?,cbc_flag_explanation,en
What is PLT abnormal distribution in blood count interpretation?,cbc_flag_explanation,en
What is PLT abnormal distribution for a hematology assistant?,cbc_flag_explanation,en
What is PLT abnormal distribution in this hematology report?,cbc_flag_explanation,en
What is anemia flag?,cbc_flag_explanation,en
What is anemia flag in a blood report?,cbc_flag_explanation,en
What is anemia flag on a CBC report?,cbc_flag_explanation,en
What is anemia flag in hematology?,cbc_flag_explanation,en
What is anemia flag in a lab result?,cbc_flag_explanation,en
What is anemia flag in this report?,cbc_flag_explanation,en
What is anemia flag in complete blood count?,cbc_flag_explanation,en
What is anemia flag in blood count interpretation?,cbc_flag_explanation,en
What is anemia flag for a hematology assistant?,cbc_flag_explanation,en
What is anemia flag in this hematology report?,cbc_flag_explanation,en
What is high WBC flag?,cbc_flag_explanation,en
What is high WBC flag in a blood report?,cbc_flag_explanation,en
What is high WBC flag on a CBC report?,cbc_flag_explanation,en
What is high WBC flag in hematology?,cbc_flag_explanation,en
What is high WBC flag in a lab result?,cbc_flag_explanation,en
What is high WBC flag in this report?,cbc_flag_explanation,en
What is high WBC flag in complete blood count?,cbc_flag_explanation,en
What is high WBC flag in blood count interpretation?,cbc_flag_explanation,en
What is high WBC flag for a hematology assistant?,cbc_flag_explanation,en
What is high WBC flag in this hematology report?,cbc_flag_explanation,en
What is low RBC flag?,cbc_flag_explanation,en
What is low RBC flag in a blood report?,cbc_flag_explanation,en
What is low RBC flag on a CBC report?,cbc_flag_explanation,en
What is low RBC flag in hematology?,cbc_flag_explanation,en
What is low RBC flag in a lab result?,cbc_flag_explanation,en
What is low RBC flag in this report?,cbc_flag_explanation,en
What is low RBC flag in complete blood count?,cbc_flag_explanation,en
What is low RBC flag in blood count interpretation?,cbc_flag_explanation,en
What is low RBC flag for a hematology assistant?,cbc_flag_explanation,en
What is low RBC flag in this hematology report?,cbc_flag_explanation,en
What is high RDW flag?,cbc_flag_explanation,en
What is high RDW flag in a blood report?,cbc_flag_explanation,en
What is high RDW flag on a CBC report?,cbc_flag_explanation,en
What is high RDW flag in hematology?,cbc_flag_explanation,en
What is high RDW flag in a lab result?,cbc_flag_explanation,en
What is high RDW flag in this report?,cbc_flag_explanation,en
What is high RDW flag in complete blood count?,cbc_flag_explanation,en
What is high RDW flag in blood count interpretation?,cbc_flag_explanation,en
What is high RDW flag for a hematology assistant?,cbc_flag_explanation,en
What is high RDW flag in this hematology report?,cbc_flag_explanation,en
What is CBC analyzer flag?,cbc_flag_explanation,en
What is CBC analyzer flag in a blood report?,cbc_flag_explanation,en
What is CBC analyzer flag on a CBC report?,cbc_flag_explanation,en
What is CBC analyzer flag in hematology?,cbc_flag_explanation,en
What is CBC analyzer flag in a lab result?,cbc_flag_explanation,en
What is CBC analyzer flag in this report?,cbc_flag_explanation,en
What is CBC analyzer flag in complete blood count?,cbc_flag_explanation,en
What is CBC analyzer flag in blood count interpretation?,cbc_flag_explanation,en
What is CBC analyzer flag for a hematology assistant?,cbc_flag_explanation,en
What is CBC analyzer flag in this hematology report?,cbc_flag_explanation,en
What is abnormal distribution flag?,cbc_flag_explanation,en
What is abnormal distribution flag in a blood report?,cbc_flag_explanation,en
What is abnormal distribution flag on a CBC report?,cbc_flag_explanation,en
What is abnormal distribution flag in hematology?,cbc_flag_explanation,en
What is abnormal distribution flag in a lab result?,cbc_flag_explanation,en
What is abnormal distribution flag in this report?,cbc_flag_explanation,en
What is abnormal distribution flag in complete blood count?,cbc_flag_explanation,en
What is abnormal distribution flag in blood count interpretation?,cbc_flag_explanation,en
What is abnormal distribution flag for a hematology assistant?,cbc_flag_explanation,en
What is abnormal distribution flag in this hematology report?,cbc_flag_explanation,en
What is anemia?,anemia_related_term,en
What is anemia in a blood report?,anemia_related_term,en
What is anemia on a CBC report?,anemia_related_term,en
What is anemia in hematology?,anemia_related_term,en
What is anemia in a lab result?,anemia_related_term,en
What is anemia in this report?,anemia_related_term,en
What is anemia in complete blood count?,anemia_related_term,en
What is anemia in blood count interpretation?,anemia_related_term,en
What is anemia for a hematology assistant?,anemia_related_term,en
What is anemia in this hematology report?,anemia_related_term,en
What is low hemoglobin?,anemia_related_term,en
What is low hemoglobin in a blood report?,anemia_related_term,en
What is low hemoglobin on a CBC report?,anemia_related_term,en
What is low hemoglobin in hematology?,anemia_related_term,en
What is low hemoglobin in a lab result?,anemia_related_term,en
What is low hemoglobin in this report?,anemia_related_term,en
What is low hemoglobin in complete blood count?,anemia_related_term,en
What is low hemoglobin in blood count interpretation?,anemia_related_term,en
What is low hemoglobin for a hematology assistant?,anemia_related_term,en
What is low hemoglobin in this hematology report?,anemia_related_term,en
What is low hematocrit?,anemia_related_term,en
What is low hematocrit in a blood report?,anemia_related_term,en
What is low hematocrit on a CBC report?,anemia_related_term,en
What is low hematocrit in hematology?,anemia_related_term,en
What is low hematocrit in a lab result?,anemia_related_term,en
What is low hematocrit in this report?,anemia_related_term,en
What is low hematocrit in complete blood count?,anemia_related_term,en
What is low hematocrit in blood count interpretation?,anemia_related_term,en
What is low hematocrit for a hematology assistant?,anemia_related_term,en
What is low hematocrit in this hematology report?,anemia_related_term,en
What is low RBC?,anemia_related_term,en
What is low RBC in a blood report?,anemia_related_term,en
What is low RBC on a CBC report?,anemia_related_term,en
What is low RBC in hematology?,anemia_related_term,en
What is low RBC in a lab result?,anemia_related_term,en
What is low RBC in this report?,anemia_related_term,en
What is low RBC in complete blood count?,anemia_related_term,en
What is low RBC in blood count interpretation?,anemia_related_term,en
What is low RBC for a hematology assistant?,anemia_related_term,en
What is low RBC in this hematology report?,anemia_related_term,en
What is anemia in CBC?,anemia_related_term,en
What is anemia in CBC in a blood report?,anemia_related_term,en
What is anemia in CBC on a CBC report?,anemia_related_term,en
What is anemia in CBC in hematology?,anemia_related_term,en
What is anemia in CBC in a lab result?,anemia_related_term,en
What is anemia in CBC in this report?,anemia_related_term,en
What is anemia in CBC in complete blood count?,anemia_related_term,en
What is anemia in CBC in blood count interpretation?,anemia_related_term,en
What is anemia in CBC for a hematology assistant?,anemia_related_term,en
What is anemia in CBC in this hematology report?,anemia_related_term,en
What is anemia pattern?,anemia_related_term,en
What is anemia pattern in a blood report?,anemia_related_term,en
What is anemia pattern on a CBC report?,anemia_related_term,en
What is anemia pattern in hematology?,anemia_related_term,en
What is anemia pattern in a lab result?,anemia_related_term,en
What is anemia pattern in this report?,anemia_related_term,en
What is anemia pattern in complete blood count?,anemia_related_term,en
What is anemia pattern in blood count interpretation?,anemia_related_term,en
What is anemia pattern for a hematology assistant?,anemia_related_term,en
What is anemia pattern in this hematology report?,anemia_related_term,en
What is reduced HGB?,anemia_related_term,en
What is reduced HGB in a blood report?,anemia_related_term,en
What is reduced HGB on a CBC report?,anemia_related_term,en
What is reduced HGB in hematology?,anemia_related_term,en
What is reduced HGB in a lab result?,anemia_related_term,en
What is reduced HGB in this report?,anemia_related_term,en
What is reduced HGB in complete blood count?,anemia_related_term,en
What is reduced HGB in blood count interpretation?,anemia_related_term,en
What is reduced HGB for a hematology assistant?,anemia_related_term,en
What is reduced HGB in this hematology report?,anemia_related_term,en
What is reduced HCT?,anemia_related_term,en
What is reduced HCT in a blood report?,anemia_related_term,en
What is reduced HCT on a CBC report?,anemia_related_term,en
What is reduced HCT in hematology?,anemia_related_term,en
What is reduced HCT in a lab result?,anemia_related_term,en
What is reduced HCT in this report?,anemia_related_term,en
What is reduced HCT in complete blood count?,anemia_related_term,en
What is reduced HCT in blood count interpretation?,anemia_related_term,en
What is reduced HCT for a hematology assistant?,anemia_related_term,en
What is reduced HCT in this hematology report?,anemia_related_term,en
What is red cell deficiency?,anemia_related_term,en
What is red cell deficiency in a blood report?,anemia_related_term,en
What is red cell deficiency on a CBC report?,anemia_related_term,en
What is red cell deficiency in hematology?,anemia_related_term,en
What is red cell deficiency in a lab result?,anemia_related_term,en
What is red cell deficiency in this report?,anemia_related_term,en
What is red cell deficiency in complete blood count?,anemia_related_term,en
What is red cell deficiency in blood count interpretation?,anemia_related_term,en
What is red cell deficiency for a hematology assistant?,anemia_related_term,en
What is red cell deficiency in this hematology report?,anemia_related_term,en
What is anemia finding?,anemia_related_term,en
What is anemia finding in a blood report?,anemia_related_term,en
What is anemia finding on a CBC report?,anemia_related_term,en
What is anemia finding in hematology?,anemia_related_term,en
What is anemia finding in a lab result?,anemia_related_term,en
What is anemia finding in this report?,anemia_related_term,en
What is anemia finding in complete blood count?,anemia_related_term,en
What is anemia finding in blood count interpretation?,anemia_related_term,en
What is anemia finding for a hematology assistant?,anemia_related_term,en
What is anemia finding in this hematology report?,anemia_related_term,en
What is thrombocytopenia?,platelet_abnormality,en
What is thrombocytopenia in a blood report?,platelet_abnormality,en
What is thrombocytopenia on a CBC report?,platelet_abnormality,en
What is thrombocytopenia in hematology?,platelet_abnormality,en
What is thrombocytopenia in a lab result?,platelet_abnormality,en
What is thrombocytopenia in this report?,platelet_abnormality,en
What is thrombocytopenia in complete blood count?,platelet_abnormality,en
What is thrombocytopenia in blood count interpretation?,platelet_abnormality,en
What is thrombocytopenia for a hematology assistant?,platelet_abnormality,en
What is thrombocytopenia in this hematology report?,platelet_abnormality,en
What is low platelet count?,platelet_abnormality,en
What is low platelet count in a blood report?,platelet_abnormality,en
What is low platelet count on a CBC report?,platelet_abnormality,en
What is low platelet count in hematology?,platelet_abnormality,en
What is low platelet count in a lab result?,platelet_abnormality,en
What is low platelet count in this report?,platelet_abnormality,en
What is low platelet count in complete blood count?,platelet_abnormality,en
What is low platelet count in blood count interpretation?,platelet_abnormality,en
What is low platelet count for a hematology assistant?,platelet_abnormality,en
What is low platelet count in this hematology report?,platelet_abnormality,en
What is platelet abnormal distribution?,platelet_abnormality,en
What is platelet abnormal distribution in a blood report?,platelet_abnormality,en
What is platelet abnormal distribution on a CBC report?,platelet_abnormality,en
What is platelet abnormal distribution in hematology?,platelet_abnormality,en
What is platelet abnormal distribution in a lab result?,platelet_abnormality,en
What is platelet abnormal distribution in this report?,platelet_abnormality,en
What is platelet abnormal distribution in complete blood count?,platelet_abnormality,en
What is platelet abnormal distribution in blood count interpretation?,platelet_abnormality,en
What is platelet abnormal distribution for a hematology assistant?,platelet_abnormality,en
What is platelet abnormal distribution in this hematology report?,platelet_abnormality,en
What is low PLT?,platelet_abnormality,en
What is low PLT in a blood report?,platelet_abnormality,en
What is low PLT on a CBC report?,platelet_abnormality,en
What is low PLT in hematology?,platelet_abnormality,en
What is low PLT in a lab result?,platelet_abnormality,en
What is low PLT in this report?,platelet_abnormality,en
What is low PLT in complete blood count?,platelet_abnormality,en
What is low PLT in blood count interpretation?,platelet_abnormality,en
What is low PLT for a hematology assistant?,platelet_abnormality,en
What is low PLT in this hematology report?,platelet_abnormality,en
What is reduced MPV?,platelet_abnormality,en
What is reduced MPV in a blood report?,platelet_abnormality,en
What is reduced MPV on a CBC report?,platelet_abnormality,en
What is reduced MPV in hematology?,platelet_abnormality,en
What is reduced MPV in a lab result?,platelet_abnormality,en
What is reduced MPV in this report?,platelet_abnormality,en
What is reduced MPV in complete blood count?,platelet_abnormality,en
What is reduced MPV in blood count interpretation?,platelet_abnormality,en
What is reduced MPV for a hematology assistant?,platelet_abnormality,en
What is reduced MPV in this hematology report?,platelet_abnormality,en
What is platelet flag?,platelet_abnormality,en
What is platelet flag in a blood report?,platelet_abnormality,en
What is platelet flag on a CBC report?,platelet_abnormality,en
What is platelet flag in hematology?,platelet_abnormality,en
What is platelet flag in a lab result?,platelet_abnormality,en
What is platelet flag in this report?,platelet_abnormality,en
What is platelet flag in complete blood count?,platelet_abnormality,en
What is platelet flag in blood count interpretation?,platelet_abnormality,en
What is platelet flag for a hematology assistant?,platelet_abnormality,en
What is platelet flag in this hematology report?,platelet_abnormality,en
What is platelet count low?,platelet_abnormality,en
What is platelet count low in a blood report?,platelet_abnormality,en
What is platelet count low on a CBC report?,platelet_abnormality,en
What is platelet count low in hematology?,platelet_abnormality,en
What is platelet count low in a lab result?,platelet_abnormality,en
What is platelet count low in this report?,platelet_abnormality,en
What is platelet count low in complete blood count?,platelet_abnormality,en
What is platelet count low in blood count interpretation?,platelet_abnormality,en
What is platelet count low for a hematology assistant?,platelet_abnormality,en
What is platelet count low in this hematology report?,platelet_abnormality,en
What is PLT flag?,platelet_abnormality,en
What is PLT flag in a blood report?,platelet_abnormality,en
What is PLT flag on a CBC report?,platelet_abnormality,en
What is PLT flag in hematology?,platelet_abnormality,en
What is PLT flag in a lab result?,platelet_abnormality,en
What is PLT flag in this report?,platelet_abnormality,en
What is PLT flag in complete blood count?,platelet_abnormality,en
What is PLT flag in blood count interpretation?,platelet_abnormality,en
What is PLT flag for a hematology assistant?,platelet_abnormality,en
What is PLT flag in this hematology report?,platelet_abnormality,en
What is abnormal platelet result?,platelet_abnormality,en
What is abnormal platelet result in a blood report?,platelet_abnormality,en
What is abnormal platelet result on a CBC report?,platelet_abnormality,en
What is abnormal platelet result in hematology?,platelet_abnormality,en
What is abnormal platelet result in a lab result?,platelet_abnormality,en
What is abnormal platelet result in this report?,platelet_abnormality,en
What is abnormal platelet result in complete blood count?,platelet_abnormality,en
What is abnormal platelet result in blood count interpretation?,platelet_abnormality,en
What is abnormal platelet result for a hematology assistant?,platelet_abnormality,en
What is abnormal platelet result in this hematology report?,platelet_abnormality,en
What is platelet abnormality?,platelet_abnormality,en
What is platelet abnormality in a blood report?,platelet_abnormality,en
What is platelet abnormality on a CBC report?,platelet_abnormality,en
What is platelet abnormality in hematology?,platelet_abnormality,en
What is platelet abnormality in a lab result?,platelet_abnormality,en
What is platelet abnormality in this report?,platelet_abnormality,en
What is platelet abnormality in complete blood count?,platelet_abnormality,en
What is platelet abnormality in blood count interpretation?,platelet_abnormality,en
What is platelet abnormality for a hematology assistant?,platelet_abnormality,en
What is platelet abnormality in this hematology report?,platelet_abnormality,en
What is Neu#?,differential_result_explanation,en
Explain Neu# in CBC.,differential_result_explanation,en
What does Neu# mean in blood report?,differential_result_explanation,en
How should I understand Neu# on hematology report?,differential_result_explanation,en
Why is Neu# listed on a CBC report?,differential_result_explanation,en
What does a high Neu# suggest in lab terms?,differential_result_explanation,en
What does a low Neu# suggest in lab terms?,differential_result_explanation,en
How do I read Neu# in a blood count?,differential_result_explanation,en
What does Neu# represent in differential count?,differential_result_explanation,en
Is Neu# an absolute count or percentage?,differential_result_explanation,en
What is Neu%?,differential_result_explanation,en
Explain Neu% in CBC.,differential_result_explanation,en
What does Neu% mean in blood report?,differential_result_explanation,en
How should I understand Neu% on hematology report?,differential_result_explanation,en
Why is Neu% listed on a CBC report?,differential_result_explanation,en
What does a high Neu% suggest in lab terms?,differential_result_explanation,en
What does a low Neu% suggest in lab terms?,differential_result_explanation,en
How do I read Neu% in a blood count?,differential_result_explanation,en
What does Neu% represent in differential count?,differential_result_explanation,en
Is Neu% an absolute count or percentage?,differential_result_explanation,en
What is Lym#?,differential_result_explanation,en
Explain Lym# in CBC.,differential_result_explanation,en
What does Lym# mean in blood report?,differential_result_explanation,en
How should I understand Lym# on hematology report?,differential_result_explanation,en
Why is Lym# listed on a CBC report?,differential_result_explanation,en
What does a high Lym# suggest in lab terms?,differential_result_explanation,en
What does a low Lym# suggest in lab terms?,differential_result_explanation,en
How do I read Lym# in a blood count?,differential_result_explanation,en
What does Lym# represent in differential count?,differential_result_explanation,en
Is Lym# an absolute count or percentage?,differential_result_explanation,en
What is Lym%?,differential_result_explanation,en
Explain Lym% in CBC.,differential_result_explanation,en
What does Lym% mean in blood report?,differential_result_explanation,en
How should I understand Lym% on hematology report?,differential_result_explanation,en
Why is Lym% listed on a CBC report?,differential_result_explanation,en
What does a high Lym% suggest in lab terms?,differential_result_explanation,en
What does a low Lym% suggest in lab terms?,differential_result_explanation,en
How do I read Lym% in a blood count?,differential_result_explanation,en
What does Lym% represent in differential count?,differential_result_explanation,en
Is Lym% an absolute count or percentage?,differential_result_explanation,en
What is Mon#?,differential_result_explanation,en
Explain Mon# in CBC.,differential_result_explanation,en
What does Mon# mean in blood report?,differential_result_explanation,en
How should I understand Mon# on hematology report?,differential_result_explanation,en
Why is Mon# listed on a CBC report?,differential_result_explanation,en
What does a high Mon# suggest in lab terms?,differential_result_explanation,en
What does a low Mon# suggest in lab terms?,differential_result_explanation,en
How do I read Mon# in a blood count?,differential_result_explanation,en
What does Mon# represent in differential count?,differential_result_explanation,en
Is Mon# an absolute count or percentage?,differential_result_explanation,en
What is Mon%?,differential_result_explanation,en
Explain Mon% in CBC.,differential_result_explanation,en
What does Mon% mean in blood report?,differential_result_explanation,en
How should I understand Mon% on hematology report?,differential_result_explanation,en
Why is Mon% listed on a CBC report?,differential_result_explanation,en
What does a high Mon% suggest in lab terms?,differential_result_explanation,en
What does a low Mon% suggest in lab terms?,differential_result_explanation,en
How do I read Mon% in a blood count?,differential_result_explanation,en
What does Mon% represent in differential count?,differential_result_explanation,en
Is Mon% an absolute count or percentage?,differential_result_explanation,en
What is Eos#?,differential_result_explanation,en
Explain Eos# in CBC.,differential_result_explanation,en
What does Eos# mean in blood report?,differential_result_explanation,en
How should I understand Eos# on hematology report?,differential_result_explanation,en
Why is Eos# listed on a CBC report?,differential_result_explanation,en
What does a high Eos# suggest in lab terms?,differential_result_explanation,en
What does a low Eos# suggest in lab terms?,differential_result_explanation,en
How do I read Eos# in a blood count?,differential_result_explanation,en
What does Eos# represent in differential count?,differential_result_explanation,en
Is Eos# an absolute count or percentage?,differential_result_explanation,en
What is Eos%?,differential_result_explanation,en
Explain Eos% in CBC.,differential_result_explanation,en
What does Eos% mean in blood report?,differential_result_explanation,en
How should I understand Eos% on hematology report?,differential_result_explanation,en
Why is Eos% listed on a CBC report?,differential_result_explanation,en
What does a high Eos% suggest in lab terms?,differential_result_explanation,en
What does a low Eos% suggest in lab terms?,differential_result_explanation,en
How do I read Eos% in a blood count?,differential_result_explanation,en
What does Eos% represent in differential count?,differential_result_explanation,en
Is Eos% an absolute count or percentage?,differential_result_explanation,en
What is Bas#?,differential_result_explanation,en
Explain Bas# in CBC.,differential_result_explanation,en
What does Bas# mean in blood report?,differential_result_explanation,en
How should I understand Bas# on hematology report?,differential_result_explanation,en
Why is Bas# listed on a CBC report?,differential_result_explanation,en
What does a high Bas# suggest in lab terms?,differential_result_explanation,en
What does a low Bas# suggest in lab terms?,differential_result_explanation,en
How do I read Bas# in a blood count?,differential_result_explanation,en
What does Bas# represent in differential count?,differential_result_explanation,en
Is Bas# an absolute count or percentage?,differential_result_explanation,en
What is Bas%?,differential_result_explanation,en
Explain Bas% in CBC.,differential_result_explanation,en
What does Bas% mean in blood report?,differential_result_explanation,en
How should I understand Bas% on hematology report?,differential_result_explanation,en
Why is Bas% listed on a CBC report?,differential_result_explanation,en
What does a high Bas% suggest in lab terms?,differential_result_explanation,en
What does a low Bas% suggest in lab terms?,differential_result_explanation,en
How do I read Bas% in a blood count?,differential_result_explanation,en
What does Bas% represent in differential count?,differential_result_explanation,en
Is Bas% an absolute count or percentage?,differential_result_explanation,en
How do I read this CBC report?,report_structure_help,en
How do I read this CBC report in this report?,report_structure_help,en
How do I read this CBC report on a CBC report?,report_structure_help,en
How do I read this CBC report in a hematology report?,report_structure_help,en
How do I read this CBC report for a blood result sheet?,report_structure_help,en
How do I read this hematology blood report?,report_structure_help,en
How do I read this hematology blood report in this report?,report_structure_help,en
How do I read this hematology blood report on a CBC report?,report_structure_help,en
How do I read this hematology blood report in a hematology report?,report_structure_help,en
How do I read this hematology blood report for a blood result sheet?,report_structure_help,en
How do I read a complete blood count report?,report_structure_help,en
How do I read a complete blood count report in this report?,report_structure_help,en
How do I read a complete blood count report on a CBC report?,report_structure_help,en
How do I read a complete blood count report in a hematology report?,report_structure_help,en
How do I read a complete blood count report for a blood result sheet?,report_structure_help,en
How do I read a hematology analyzer report?,report_structure_help,en
How do I read a hematology analyzer report in this report?,report_structure_help,en
How do I read a hematology analyzer report on a CBC report?,report_structure_help,en
How do I read a hematology analyzer report in a hematology report?,report_structure_help,en
How do I read a hematology analyzer report for a blood result sheet?,report_structure_help,en
How do I read the blood report layout?,report_structure_help,en
How do I read the blood report layout in this report?,report_structure_help,en
How do I read the blood report layout on a CBC report?,report_structure_help,en
How do I read the blood report layout in a hematology report?,report_structure_help,en
How do I read the blood report layout for a blood result sheet?,report_structure_help,en
"How do I read the result, unit, and reference range columns?",report_structure_help,en
"How do I read the result, unit, and reference range columns in this report?",report_structure_help,en
"How do I read the result, unit, and reference range columns on a CBC report?",report_structure_help,en
"How do I read the result, unit, and reference range columns in a hematology report?",report_structure_help,en
"How do I read the result, unit, and reference range columns for a blood result sheet?",report_structure_help,en
How do I read H and L markers?,report_structure_help,en
How do I read H and L markers in this report?,report_structure_help,en
How do I read H and L markers on a CBC report?,report_structure_help,en
How do I read H and L markers in a hematology report?,report_structure_help,en
How do I read H and L markers for a blood result sheet?,report_structure_help,en
How do I read absolute counts and percentages?,report_structure_help,en
How do I read absolute counts and percentages in this report?,report_structure_help,en
How do I read absolute counts and percentages on a CBC report?,report_structure_help,en
How do I read absolute counts and percentages in a hematology report?,report_structure_help,en
How do I read absolute counts and percentages for a blood result sheet?,report_structure_help,en
How do I read the WBC section?,report_structure_help,en
How do I read the WBC section in this report?,report_structure_help,en
How do I read the WBC section on a CBC report?,report_structure_help,en
How do I read the WBC section in a hematology report?,report_structure_help,en
How do I read the WBC section for a blood result sheet?,report_structure_help,en
How do I read the RBC section?,report_structure_help,en
How do I read the RBC section in this report?,report_structure_help,en
How do I read the RBC section on a CBC report?,report_structure_help,en
How do I read the RBC section in a hematology report?,report_structure_help,en
How do I read the RBC section for a blood result sheet?,report_structure_help,en
How do I read the platelet section?,report_structure_help,en
How do I read the platelet section in this report?,report_structure_help,en
How do I read the platelet section on a CBC report?,report_structure_help,en
How do I read the platelet section in a hematology report?,report_structure_help,en
How do I read the platelet section for a blood result sheet?,report_structure_help,en
How do I read analyzer flags?,report_structure_help,en
How do I read analyzer flags in this report?,report_structure_help,en
How do I read analyzer flags on a CBC report?,report_structure_help,en
How do I read analyzer flags in a hematology report?,report_structure_help,en
How do I read analyzer flags for a blood result sheet?,report_structure_help,en
How do I read reference ranges?,report_structure_help,en
How do I read reference ranges in this report?,report_structure_help,en
How do I read reference ranges on a CBC report?,report_structure_help,en
How do I read reference ranges in a hematology report?,report_structure_help,en
How do I read reference ranges for a blood result sheet?,report_structure_help,en
How do I read CBC report structure?,report_structure_help,en
How do I read CBC report structure in this report?,report_structure_help,en
How do I read CBC report structure on a CBC report?,report_structure_help,en
How do I read CBC report structure in a hematology report?,report_structure_help,en
How do I read CBC report structure for a blood result sheet?,report_structure_help,en
How do I read hematology report format?,report_structure_help,en
How do I read hematology report format in this report?,report_structure_help,en
How do I read hematology report format on a CBC report?,report_structure_help,en
How do I read hematology report format in a hematology report?,report_structure_help,en
How do I read hematology report format for a blood result sheet?,report_structure_help,en
How do I read report columns?,report_structure_help,en
How do I read report columns in this report?,report_structure_help,en
How do I read report columns on a CBC report?,report_structure_help,en
How do I read report columns in a hematology report?,report_structure_help,en
How do I read report columns for a blood result sheet?,report_structure_help,en
